id,name,password,avatar,email,resetPasswordToken,resetPasswordExpires,createdAt,updatedAt
1,admin,$2a$10$sVC4sU9AYN9TE6ycJxChN.BtLhQgzf1g8Q.tcqJdezUyhZKwLBSBy,/images/avatars/defavatar.jpg,test@test.test,NULL,"2016-10-03 10:24:05","2016-10-03 10:24:05","2016-10-03 10:24:05"
2,utro,$2a$10$dDv0qJQNlzPJ4V7ubVid5uMMzlbPdx1APBqJ.EkP/x0drOwuyhyR2,/images/avatars/defavatar.jpg,v.kokovin@gmail.com,NULL,"2016-10-03 10:24:05","2016-10-03 10:24:05","2016-10-03 10:24:05"
3,superchel,$2a$10$P.eT3.G6/vFTO0hwz9ZTl.Ms79gFg/EixOH26VPO2PbbPakOibMTC,/images/avatars/defavatar.jpg,test2@test.test,NULL,"2016-10-03 10:24:05","2016-10-03 10:24:05","2016-10-03 10:24:05"
24,user3,$2a$10$CRE7O7mVFAx11UD3AIsKn.pbZHtQlZRPVltkra1lmwf.UoRISJ1Fm,/images/avatars/defavatar.jpg,test3@test.test,NULL,"2016-10-03 10:24:05","2016-10-04 11:10:15","2016-10-04 11:10:15"
25,user4,$2a$10$HbfFrfQkCL.Qty1ikFEakO/f7jOI.PPNqVYfEGo7kFY6UThxD3IMq,/images/avatars/defavatar.jpg,test4@test.test,NULL,"2016-10-03 10:24:05","2016-10-04 11:10:15","2016-10-04 11:10:15"
26,user5,$2a$10$Njadr4/H2EwX9erKZaN6He/ltTuw7MyCESVFLDB14cWtOj1OeXkGS,/images/avatars/defavatar.jpg,test5@test.test,NULL,"2016-10-03 10:24:05","2016-10-04 11:10:15","2016-10-04 11:10:15"
27,user6,$2a$10$aQo/yCPlijFUJ.SauIR.4O0vUbHd1g285h6x2tVQaev0Pah1UVAdW,/images/avatars/defavatar.jpg,test6@test.test,NULL,"2016-10-03 10:24:05","2016-10-04 11:10:15","2016-10-04 11:10:15"
28,user7,$2a$10$J4rpFPFCNg9zA1/Wdr5nce4SVI6/C77yHi3gmD2bDEKqXrEOocVGe,/images/avatars/defavatar.jpg,test7@test.test,NULL,"2016-10-03 10:24:05","2016-10-04 11:10:15","2016-10-04 11:10:15"
29,user8,$2a$10$ZPfRhO18x1rnI1CtSEe2kegZ3OU56y85ra4SzPStVuLoB/8xEMnV.,/images/avatars/defavatar.jpg,test8@test.test,NULL,"2016-10-03 10:24:05","2016-10-04 11:10:15","2016-10-04 11:10:15"
30,user9,$2a$10$OQn9qaw9gBpzSYKLXvP2DuAWL/Tx.lnQg5bd6EiB7xifIK2Q7K0Fa,/images/avatars/defavatar.jpg,test9@test.test,NULL,"2016-10-03 10:24:05","2016-10-04 11:10:15","2016-10-04 11:10:15"
31,user10,$2a$10$wQRY4ECTrywD5eLGZi1cUe43mp8O0zhkd410ptlk82U5HLhz4fpke,/images/avatars/defavatar.jpg,test10@test.test,NULL,"2016-10-03 10:24:05","2016-10-04 11:10:15","2016-10-04 11:10:15"
32,user11,$2a$10$/xGf5t.U1FWi4nWja3xFm.19WhRmozoflBYAxTCUuJp7CDGf1F25G,/images/avatars/defavatar.jpg,test11@test.test,NULL,"2016-10-03 10:24:05","2016-10-04 11:10:15","2016-10-04 11:10:15"
33,user12,$2a$10$JAkmV4P.Kt83NKNXdBhO4eHxVpJIEasUvtRVK/EpDxIVKg8UayuQG,/images/avatars/defavatar.jpg,test12@test.test,NULL,"2016-10-03 10:24:05","2016-10-04 11:10:15","2016-10-04 11:10:15"
34,user13,$2a$10$7iwfn3fgokeLNhtlTkYo1eNuVxtoRyQl9r5XjYyWOqhBYNw36pwGq,/images/avatars/defavatar.jpg,test13@test.test,NULL,"2016-10-03 10:24:05","2016-10-04 11:10:15","2016-10-04 11:10:15"
35,user14,$2a$10$uAYmin0LPWkRdGlZXLbGNeo2kisr/Nq/0sV29xYuS5rVzsi2Fw3aC,/images/avatars/defavatar.jpg,test14@test.test,NULL,"2016-10-03 10:24:05","2016-10-04 11:10:15","2016-10-04 11:10:15"
36,user15,$2a$10$cY2HpvTnkA0nstNYmReJrOhtCjDtz8wf4mni9ctZ5rV5mhw9u0d/i,/images/avatars/defavatar.jpg,test15@test.test,NULL,"2016-10-03 10:24:05","2016-10-04 11:10:15","2016-10-04 11:10:15"
37,user16,$2a$10$PLg9gePeKkvfYYhYopaooe.LnFUVVprAoZ1c/qrFDMCfaPKv8bzAK,/images/avatars/defavatar.jpg,test16@test.test,NULL,"2016-10-03 10:24:05","2016-10-04 11:10:15","2016-10-04 11:10:15"
38,user17,$2a$10$75r8CtgktMp9EovuBIJviO79q8TVDCXYmpPN/adwV9m1rHXGUYvvi,/images/avatars/defavatar.jpg,test17@test.test,NULL,"2016-10-03 10:24:05","2016-10-04 11:10:15","2016-10-04 11:10:15"
39,user18,$2a$10$lKTID/YpdulGBENaKcNRfOQW.aoGXyDvsjp.AcmEphD6nTKoBgjPa,/images/avatars/defavatar.jpg,test18@test.test,NULL,"2016-10-03 10:24:05","2016-10-04 11:10:15","2016-10-04 11:10:15"
40,user19,$2a$10$soAIi3RHF47D2Nz4wK6ebetC98Ql2w9c89fMB6zxuDnaYM033CtMi,/images/avatars/defavatar.jpg,test19@test.test,NULL,"2016-10-03 10:24:05","2016-10-04 11:10:15","2016-10-04 11:10:15"
41,user20,$2a$10$Xl6FMzFsHZFWo5Py/mwxPOgP9j1ohTn1/brCFKq4KVtVtxVsOvP1e,/images/avatars/defavatar.jpg,test20@test.test,NULL,"2016-10-03 10:24:05","2016-10-04 11:10:15","2016-10-04 11:10:15"
42,user21,$2a$10$LGP4SymBYprPos08OLl3.esnQIRa1L9ERUS9wKxKgonJsOL7er.Py,/images/avatars/defavatar.jpg,test21@test.test,NULL,"2016-10-03 10:24:05","2016-10-04 11:10:15","2016-10-04 11:10:15"
43,user22,$2a$10$1OjDcVXBUxHIleH6AlD2x.y3.m6kdySM2Y1vuAXGbpsOyt5AWqvCi,/images/avatars/defavatar.jpg,test22@test.test,NULL,"2016-10-03 10:24:05","2016-10-04 11:10:15","2016-10-04 11:10:15"
